USERNAME,PASSWORD
user3001,password
user3002,password
user3003,password
user3004,password
user3005,password
user3006,password
user3007,password
user3008,password
user3009,password
user3010,password
user3011,password
user3012,password
user3013,password
user3014,password
user3015,password
user3016,password
user3017,password
user3018,password
user3019,password
user3020,password
user3021,password
user3022,password
user3023,password
user3024,password
user3025,password
user3026,password
user3027,password
user3028,password
user3029,password
user3030,password
user3031,password
user3032,password
user3033,password
user3034,password
user3035,password
user3036,password
user3037,password
user3038,password
user3039,password
user3040,password
user3041,password
user3042,password
user3043,password
user3044,password
user3045,password
user3046,password
user3047,password
user3048,password
user3049,password
user3050,password
user3051,password
user3052,password
user3053,password
user3054,password
user3055,password
user3056,password
user3057,password
user3058,password
user3059,password
user3060,password
user3061,password
user3062,password
user3063,password
user3064,password
user3065,password
user3066,password
user3067,password
user3068,password
user3069,password
user3070,password
user3071,password
user3072,password
user3073,password
user3074,password
user3075,password
user3076,password
user3077,password
user3078,password
user3079,password
user3080,password
user3081,password
user3082,password
user3083,password
user3084,password
user3085,password
user3086,password
user3087,password
user3088,password
user3089,password
user3090,password
user3091,password
user3092,password
user3093,password
user3094,password
user3095,password
user3096,password
user3097,password
user3098,password
user3099,password
user3100,password
user3101,password
user3102,password
user3103,password
user3104,password
user3105,password
user3106,password
user3107,password
user3108,password
user3109,password
user3110,password
user3111,password
user3112,password
user3113,password
user3114,password
user3115,password
user3116,password
user3117,password
user3118,password
user3119,password
user3120,password
user3121,password
user3122,password
user3123,password
user3124,password
user3125,password
user3126,password
user3127,password
user3128,password
user3129,password
user3130,password
user3131,password
user3132,password
user3133,password
user3134,password
user3135,password
user3136,password
user3137,password
user3138,password
user3139,password
user3140,password
user3141,password
user3142,password
user3143,password
user3144,password
user3145,password
user3146,password
user3147,password
user3148,password
user3149,password
user3150,password
user3151,password
user3152,password
user3153,password
user3154,password
user3155,password
user3156,password
user3157,password
user3158,password
user3159,password
user3160,password
user3161,password
user3162,password
user3163,password
user3164,password
user3165,password
user3166,password
user3167,password
user3168,password
user3169,password
user3170,password
user3171,password
user3172,password
user3173,password
user3174,password
user3175,password
user3176,password
user3177,password
user3178,password
user3179,password
user3180,password
user3181,password
user3182,password
user3183,password
user3184,password
user3185,password
user3186,password
user3187,password
user3188,password
user3189,password
user3190,password
user3191,password
user3192,password
user3193,password
user3194,password
user3195,password
user3196,password
user3197,password
user3198,password
user3199,password
user3200,password
user3201,password
user3202,password
user3203,password
user3204,password
user3205,password
user3206,password
user3207,password
user3208,password
user3209,password
user3210,password
user3211,password
user3212,password
user3213,password
user3214,password
user3215,password
user3216,password
user3217,password
user3218,password
user3219,password
user3220,password
user3221,password
user3222,password
user3223,password
user3224,password
user3225,password
user3226,password
user3227,password
user3228,password
user3229,password
user3230,password
user3231,password
user3232,password
user3233,password
user3234,password
user3235,password
user3236,password
user3237,password
user3238,password
user3239,password
user3240,password
user3241,password
user3242,password
user3243,password
user3244,password
user3245,password
user3246,password
user3247,password
user3248,password
user3249,password
user3250,password
user3251,password
user3252,password
user3253,password
user3254,password
user3255,password
user3256,password
user3257,password
user3258,password
user3259,password
user3260,password
user3261,password
user3262,password
user3263,password
user3264,password
user3265,password
user3266,password
user3267,password
user3268,password
user3269,password
user3270,password
user3271,password
user3272,password
user3273,password
user3274,password
user3275,password
user3276,password
user3277,password
user3278,password
user3279,password
user3280,password
user3281,password
user3282,password
user3283,password
user3284,password
user3285,password
user3286,password
user3287,password
user3288,password
user3289,password
user3290,password
user3291,password
user3292,password
user3293,password
user3294,password
user3295,password
user3296,password
user3297,password
user3298,password
user3299,password
user3300,password
user3301,password
user3302,password
user3303,password
user3304,password
user3305,password
user3306,password
user3307,password
user3308,password
user3309,password
user3310,password
user3311,password
user3312,password
user3313,password
user3314,password
user3315,password
user3316,password
user3317,password
user3318,password
user3319,password
user3320,password
user3321,password
user3322,password
user3323,password
user3324,password
user3325,password
user3326,password
user3327,password
user3328,password
user3329,password
user3330,password
user3331,password
user3332,password
user3333,password
user3334,password
user3335,password
user3336,password
user3337,password
user3338,password
user3339,password
user3340,password
user3341,password
user3342,password
user3343,password
user3344,password
user3345,password
user3346,password
user3347,password
user3348,password
user3349,password
user3350,password
user3351,password
user3352,password
user3353,password
user3354,password
user3355,password
user3356,password
user3357,password
user3358,password
user3359,password
user3360,password
user3361,password
user3362,password
user3363,password
user3364,password
user3365,password
user3366,password
user3367,password
user3368,password
user3369,password
user3370,password
user3371,password
user3372,password
user3373,password
user3374,password
user3375,password
user3376,password
user3377,password
user3378,password
user3379,password
user3380,password
user3381,password
user3382,password
user3383,password
user3384,password
user3385,password
user3386,password
user3387,password
user3388,password
user3389,password
user3390,password
user3391,password
user3392,password
user3393,password
user3394,password
user3395,password
user3396,password
user3397,password
user3398,password
user3399,password
user3400,password
user3401,password
user3402,password
user3403,password
user3404,password
user3405,password
user3406,password
user3407,password
user3408,password
user3409,password
user3410,password
user3411,password
user3412,password
user3413,password
user3414,password
user3415,password
user3416,password
user3417,password
user3418,password
user3419,password
user3420,password
user3421,password
user3422,password
user3423,password
user3424,password
user3425,password
user3426,password
user3427,password
user3428,password
user3429,password
user3430,password
user3431,password
user3432,password
user3433,password
user3434,password
user3435,password
user3436,password
user3437,password
user3438,password
user3439,password
user3440,password
user3441,password
user3442,password
user3443,password
user3444,password
user3445,password
user3446,password
user3447,password
user3448,password
user3449,password
user3450,password
user3451,password
user3452,password
user3453,password
user3454,password
user3455,password
user3456,password
user3457,password
user3458,password
user3459,password
user3460,password
user3461,password
user3462,password
user3463,password
user3464,password
user3465,password
user3466,password
user3467,password
user3468,password
user3469,password
user3470,password
user3471,password
user3472,password
user3473,password
user3474,password
user3475,password
user3476,password
user3477,password
user3478,password
user3479,password
user3480,password
user3481,password
user3482,password
user3483,password
user3484,password
user3485,password
user3486,password
user3487,password
user3488,password
user3489,password
user3490,password
user3491,password
user3492,password
user3493,password
user3494,password
user3495,password
user3496,password
user3497,password
user3498,password
user3499,password
user3500,password
user3501,password
user3502,password
user3503,password
user3504,password
user3505,password
user3506,password
user3507,password
user3508,password
user3509,password
user3510,password
user3511,password
user3512,password
user3513,password
user3514,password
user3515,password
user3516,password
user3517,password
user3518,password
user3519,password
user3520,password
user3521,password
user3522,password
user3523,password
user3524,password
user3525,password
user3526,password
user3527,password
user3528,password
user3529,password
user3530,password
user3531,password
user3532,password
user3533,password
user3534,password
user3535,password
user3536,password
user3537,password
user3538,password
user3539,password
user3540,password
user3541,password
user3542,password
user3543,password
user3544,password
user3545,password
user3546,password
user3547,password
user3548,password
user3549,password
user3550,password
user3551,password
user3552,password
user3553,password
user3554,password
user3555,password
user3556,password
user3557,password
user3558,password
user3559,password
user3560,password
user3561,password
user3562,password
user3563,password
user3564,password
user3565,password
user3566,password
user3567,password
user3568,password
user3569,password
user3570,password
user3571,password
user3572,password
user3573,password
user3574,password
user3575,password
user3576,password
user3577,password
user3578,password
user3579,password
user3580,password
user3581,password
user3582,password
user3583,password
user3584,password
user3585,password
user3586,password
user3587,password
user3588,password
user3589,password
user3590,password
user3591,password
user3592,password
user3593,password
user3594,password
user3595,password
user3596,password
user3597,password
user3598,password
user3599,password
user3600,password
user3601,password
user3602,password
user3603,password
user3604,password
user3605,password
user3606,password
user3607,password
user3608,password
user3609,password
user3610,password
user3611,password
user3612,password
user3613,password
user3614,password
user3615,password
user3616,password
user3617,password
user3618,password
user3619,password
user3620,password
user3621,password
user3622,password
user3623,password
user3624,password
user3625,password
user3626,password
user3627,password
user3628,password
user3629,password
user3630,password
user3631,password
user3632,password
user3633,password
user3634,password
user3635,password
user3636,password
user3637,password
user3638,password
user3639,password
user3640,password
user3641,password
user3642,password
user3643,password
user3644,password
user3645,password
user3646,password
user3647,password
user3648,password
user3649,password
user3650,password
user3651,password
user3652,password
user3653,password
user3654,password
user3655,password
user3656,password
user3657,password
user3658,password
user3659,password
user3660,password
user3661,password
user3662,password
user3663,password
user3664,password
user3665,password
user3666,password
user3667,password
user3668,password
user3669,password
user3670,password
user3671,password
user3672,password
user3673,password
user3674,password
user3675,password
user3676,password
user3677,password
user3678,password
user3679,password
user3680,password
user3681,password
user3682,password
user3683,password
user3684,password
user3685,password
user3686,password
user3687,password
user3688,password
user3689,password
user3690,password
user3691,password
user3692,password
user3693,password
user3694,password
user3695,password
user3696,password
user3697,password
user3698,password
user3699,password
user3700,password
user3701,password
user3702,password
user3703,password
user3704,password
user3705,password
user3706,password
user3707,password
user3708,password
user3709,password
user3710,password
user3711,password
user3712,password
user3713,password
user3714,password
user3715,password
user3716,password
user3717,password
user3718,password
user3719,password
user3720,password
user3721,password
user3722,password
user3723,password
user3724,password
user3725,password
user3726,password
user3727,password
user3728,password
user3729,password
user3730,password
user3731,password
user3732,password
user3733,password
user3734,password
user3735,password
user3736,password
user3737,password
user3738,password
user3739,password
user3740,password
user3741,password
user3742,password
user3743,password
user3744,password
user3745,password
user3746,password
user3747,password
user3748,password
user3749,password
user3750,password
user3751,password
user3752,password
user3753,password
user3754,password
user3755,password
user3756,password
user3757,password
user3758,password
user3759,password
user3760,password
user3761,password
user3762,password
user3763,password
user3764,password
user3765,password
user3766,password
user3767,password
user3768,password
user3769,password
user3770,password
user3771,password
user3772,password
user3773,password
user3774,password
user3775,password
user3776,password
user3777,password
user3778,password
user3779,password
user3780,password
user3781,password
user3782,password
user3783,password
user3784,password
user3785,password
user3786,password
user3787,password
user3788,password
user3789,password
user3790,password
user3791,password
user3792,password
user3793,password
user3794,password
user3795,password
user3796,password
user3797,password
user3798,password
user3799,password
user3800,password
user3801,password
user3802,password
user3803,password
user3804,password
user3805,password
user3806,password
user3807,password
user3808,password
user3809,password
user3810,password
user3811,password
user3812,password
user3813,password
user3814,password
user3815,password
user3816,password
user3817,password
user3818,password
user3819,password
user3820,password
user3821,password
user3822,password
user3823,password
user3824,password
user3825,password
user3826,password
user3827,password
user3828,password
user3829,password
user3830,password
user3831,password
user3832,password
user3833,password
user3834,password
user3835,password
user3836,password
user3837,password
user3838,password
user3839,password
user3840,password
user3841,password
user3842,password
user3843,password
user3844,password
user3845,password
user3846,password
user3847,password
user3848,password
user3849,password
user3850,password
user3851,password
user3852,password
user3853,password
user3854,password
user3855,password
user3856,password
user3857,password
user3858,password
user3859,password
user3860,password
user3861,password
user3862,password
user3863,password
user3864,password
user3865,password
user3866,password
user3867,password
user3868,password
user3869,password
user3870,password
user3871,password
user3872,password
user3873,password
user3874,password
user3875,password
user3876,password
user3877,password
user3878,password
user3879,password
user3880,password
user3881,password
user3882,password
user3883,password
user3884,password
user3885,password
user3886,password
user3887,password
user3888,password
user3889,password
user3890,password
user3891,password
user3892,password
user3893,password
user3894,password
user3895,password
user3896,password
user3897,password
user3898,password
user3899,password
user3900,password
user3901,password
user3902,password
user3903,password
user3904,password
user3905,password
user3906,password
user3907,password
user3908,password
user3909,password
user3910,password
user3911,password
user3912,password
user3913,password
user3914,password
user3915,password
user3916,password
user3917,password
user3918,password
user3919,password
user3920,password
user3921,password
user3922,password
user3923,password
user3924,password
user3925,password
user3926,password
user3927,password
user3928,password
user3929,password
user3930,password
user3931,password
user3932,password
user3933,password
user3934,password
user3935,password
user3936,password
user3937,password
user3938,password
user3939,password
user3940,password
user3941,password
user3942,password
user3943,password
user3944,password
user3945,password
user3946,password
user3947,password
user3948,password
user3949,password
user3950,password
user3951,password
user3952,password
user3953,password
user3954,password
user3955,password
user3956,password
user3957,password
user3958,password
user3959,password
user3960,password
user3961,password
user3962,password
user3963,password
user3964,password
user3965,password
user3966,password
user3967,password
user3968,password
user3969,password
user3970,password
user3971,password
user3972,password
user3973,password
user3974,password
user3975,password
user3976,password
user3977,password
user3978,password
user3979,password
user3980,password
user3981,password
user3982,password
user3983,password
user3984,password
user3985,password
user3986,password
user3987,password
user3988,password
user3989,password
user3990,password
user3991,password
user3992,password
user3993,password
user3994,password
user3995,password
user3996,password
user3997,password
user3998,password
user3999,password
user4000,password
user4001,password
user4002,password
user4003,password
user4004,password
user4005,password
user4006,password
user4007,password
user4008,password
user4009,password
user4010,password
user4011,password
user4012,password
user4013,password
user4014,password
user4015,password
user4016,password
user4017,password
user4018,password
user4019,password
user4020,password
user4021,password
user4022,password
user4023,password
user4024,password
user4025,password
user4026,password
user4027,password
user4028,password
user4029,password
user4030,password
user4031,password
user4032,password
user4033,password
user4034,password
user4035,password
user4036,password
user4037,password
user4038,password
user4039,password
user4040,password
user4041,password
user4042,password
user4043,password
user4044,password
user4045,password
user4046,password
user4047,password
user4048,password
user4049,password
user4050,password
user4051,password
user4052,password
user4053,password
user4054,password
user4055,password
user4056,password
user4057,password
user4058,password
user4059,password
user4060,password
user4061,password
user4062,password
user4063,password
user4064,password
user4065,password
user4066,password
user4067,password
user4068,password
user4069,password
user4070,password
user4071,password
user4072,password
user4073,password
user4074,password
user4075,password
user4076,password
user4077,password
user4078,password
user4079,password
user4080,password
user4081,password
user4082,password
user4083,password
user4084,password
user4085,password
user4086,password
user4087,password
user4088,password
user4089,password
user4090,password
user4091,password
user4092,password
user4093,password
user4094,password
user4095,password
user4096,password
user4097,password
user4098,password
user4099,password
user4100,password
user4101,password
user4102,password
user4103,password
user4104,password
user4105,password
user4106,password
user4107,password
user4108,password
user4109,password
user4110,password
user4111,password
user4112,password
user4113,password
user4114,password
user4115,password
user4116,password
user4117,password
user4118,password
user4119,password
user4120,password
user4121,password
user4122,password
user4123,password
user4124,password
user4125,password
user4126,password
user4127,password
user4128,password
user4129,password
user4130,password
user4131,password
user4132,password
user4133,password
user4134,password
user4135,password
user4136,password
user4137,password
user4138,password
user4139,password
user4140,password
user4141,password
user4142,password
user4143,password
user4144,password
user4145,password
user4146,password
user4147,password
user4148,password
user4149,password
user4150,password
user4151,password
user4152,password
user4153,password
user4154,password
user4155,password
user4156,password
user4157,password
user4158,password
user4159,password
user4160,password
user4161,password
user4162,password
user4163,password
user4164,password
user4165,password
user4166,password
user4167,password
user4168,password
user4169,password
user4170,password
user4171,password
user4172,password
user4173,password
user4174,password
user4175,password
user4176,password
user4177,password
user4178,password
user4179,password
user4180,password
user4181,password
user4182,password
user4183,password
user4184,password
user4185,password
user4186,password
user4187,password
user4188,password
user4189,password
user4190,password
user4191,password
user4192,password
user4193,password
user4194,password
user4195,password
user4196,password
user4197,password
user4198,password
user4199,password
user4200,password
user4201,password
user4202,password
user4203,password
user4204,password
user4205,password
user4206,password
user4207,password
user4208,password
user4209,password
user4210,password
user4211,password
user4212,password
user4213,password
user4214,password
user4215,password
user4216,password
user4217,password
user4218,password
user4219,password
user4220,password
user4221,password
user4222,password
user4223,password
user4224,password
user4225,password
user4226,password
user4227,password
user4228,password
user4229,password
user4230,password
user4231,password
user4232,password
user4233,password
user4234,password
user4235,password
user4236,password
user4237,password
user4238,password
user4239,password
user4240,password
user4241,password
user4242,password
user4243,password
user4244,password
user4245,password
user4246,password
user4247,password
user4248,password
user4249,password
user4250,password
user4251,password
user4252,password
user4253,password
user4254,password
user4255,password
user4256,password
user4257,password
user4258,password
user4259,password
user4260,password
user4261,password
user4262,password
user4263,password
user4264,password
user4265,password
user4266,password
user4267,password
user4268,password
user4269,password
user4270,password
user4271,password
user4272,password
user4273,password
user4274,password
user4275,password
user4276,password
user4277,password
user4278,password
user4279,password
user4280,password
user4281,password
user4282,password
user4283,password
user4284,password
user4285,password
user4286,password
user4287,password
user4288,password
user4289,password
user4290,password
user4291,password
user4292,password
user4293,password
user4294,password
user4295,password
user4296,password
user4297,password
user4298,password
user4299,password
user4300,password
user4301,password
user4302,password
user4303,password
user4304,password
user4305,password
user4306,password
user4307,password
user4308,password
user4309,password
user4310,password
user4311,password
user4312,password
user4313,password
user4314,password
user4315,password
user4316,password
user4317,password
user4318,password
user4319,password
user4320,password
user4321,password
user4322,password
user4323,password
user4324,password
user4325,password
user4326,password
user4327,password
user4328,password
user4329,password
user4330,password
user4331,password
user4332,password
user4333,password
user4334,password
user4335,password
user4336,password
user4337,password
user4338,password
user4339,password
user4340,password
user4341,password
user4342,password
user4343,password
user4344,password
user4345,password
user4346,password
user4347,password
user4348,password
user4349,password
user4350,password
user4351,password
user4352,password
user4353,password
user4354,password
user4355,password
user4356,password
user4357,password
user4358,password
user4359,password
user4360,password
user4361,password
user4362,password
user4363,password
user4364,password
user4365,password
user4366,password
user4367,password
user4368,password
user4369,password
user4370,password
user4371,password
user4372,password
user4373,password
user4374,password
user4375,password
user4376,password
user4377,password
user4378,password
user4379,password
user4380,password
user4381,password
user4382,password
user4383,password
user4384,password
user4385,password
user4386,password
user4387,password
user4388,password
user4389,password
user4390,password
user4391,password
user4392,password
user4393,password
user4394,password
user4395,password
user4396,password
user4397,password
user4398,password
user4399,password
user4400,password
user4401,password
user4402,password
user4403,password
user4404,password
user4405,password
user4406,password
user4407,password
user4408,password
user4409,password
user4410,password
user4411,password
user4412,password
user4413,password
user4414,password
user4415,password
user4416,password
user4417,password
user4418,password
user4419,password
user4420,password
user4421,password
user4422,password
user4423,password
user4424,password
user4425,password
user4426,password
user4427,password
user4428,password
user4429,password
user4430,password
user4431,password
user4432,password
user4433,password
user4434,password
user4435,password
user4436,password
user4437,password
user4438,password
user4439,password
user4440,password
user4441,password
user4442,password
user4443,password
user4444,password
user4445,password
user4446,password
user4447,password
user4448,password
user4449,password
user4450,password
user4451,password
user4452,password
user4453,password
user4454,password
user4455,password
user4456,password
user4457,password
user4458,password
user4459,password
user4460,password
user4461,password
user4462,password
user4463,password
user4464,password
user4465,password
user4466,password
user4467,password
user4468,password
user4469,password
user4470,password
user4471,password
user4472,password
user4473,password
user4474,password
user4475,password
user4476,password
user4477,password
user4478,password
user4479,password
user4480,password
user4481,password
user4482,password
user4483,password
user4484,password
user4485,password
user4486,password
user4487,password
user4488,password
user4489,password
user4490,password
user4491,password
user4492,password
user4493,password
user4494,password
user4495,password
user4496,password
user4497,password
user4498,password
user4499,password
user4500,password
user4501,password
user4502,password
user4503,password
user4504,password
user4505,password
user4506,password
user4507,password
user4508,password
user4509,password
user4510,password
user4511,password
user4512,password
user4513,password
user4514,password
user4515,password
user4516,password
user4517,password
user4518,password
user4519,password
user4520,password
user4521,password
user4522,password
user4523,password
user4524,password
user4525,password
user4526,password
user4527,password
user4528,password
user4529,password
user4530,password
user4531,password
user4532,password
user4533,password
user4534,password
user4535,password
user4536,password
user4537,password
user4538,password
user4539,password
user4540,password
user4541,password
user4542,password
user4543,password
user4544,password
user4545,password
user4546,password
user4547,password
user4548,password
user4549,password
user4550,password
user4551,password
user4552,password
user4553,password
user4554,password
user4555,password
user4556,password
user4557,password
user4558,password
user4559,password
user4560,password
user4561,password
user4562,password
user4563,password
user4564,password
user4565,password
user4566,password
user4567,password
user4568,password
user4569,password
user4570,password
user4571,password
user4572,password
user4573,password
user4574,password
user4575,password
user4576,password
user4577,password
user4578,password
user4579,password
user4580,password
user4581,password
user4582,password
user4583,password
user4584,password
user4585,password
user4586,password
user4587,password
user4588,password
user4589,password
user4590,password
user4591,password
user4592,password
user4593,password
user4594,password
user4595,password
user4596,password
user4597,password
user4598,password
user4599,password
user4600,password
user4601,password
user4602,password
user4603,password
user4604,password
user4605,password
user4606,password
user4607,password
user4608,password
user4609,password
user4610,password
user4611,password
user4612,password
user4613,password
user4614,password
user4615,password
user4616,password
user4617,password
user4618,password
user4619,password
user4620,password
user4621,password
user4622,password
user4623,password
user4624,password
user4625,password
user4626,password
user4627,password
user4628,password
user4629,password
user4630,password
user4631,password
user4632,password
user4633,password
user4634,password
user4635,password
user4636,password
user4637,password
user4638,password
user4639,password
user4640,password
user4641,password
user4642,password
user4643,password
user4644,password
user4645,password
user4646,password
user4647,password
user4648,password
user4649,password
user4650,password
user4651,password
user4652,password
user4653,password
user4654,password
user4655,password
user4656,password
user4657,password
user4658,password
user4659,password
user4660,password
user4661,password
user4662,password
user4663,password
user4664,password
user4665,password
user4666,password
user4667,password
user4668,password
user4669,password
user4670,password
user4671,password
user4672,password
user4673,password
user4674,password
user4675,password
user4676,password
user4677,password
user4678,password
user4679,password
user4680,password
user4681,password
user4682,password
user4683,password
user4684,password
user4685,password
user4686,password
user4687,password
user4688,password
user4689,password
user4690,password
user4691,password
user4692,password
user4693,password
user4694,password
user4695,password
user4696,password
user4697,password
user4698,password
user4699,password
user4700,password
user4701,password
user4702,password
user4703,password
user4704,password
user4705,password
user4706,password
user4707,password
user4708,password
user4709,password
user4710,password
user4711,password
user4712,password
user4713,password
user4714,password
user4715,password
user4716,password
user4717,password
user4718,password
user4719,password
user4720,password
user4721,password
user4722,password
user4723,password
user4724,password
user4725,password
user4726,password
user4727,password
user4728,password
user4729,password
user4730,password
user4731,password
user4732,password
user4733,password
user4734,password
user4735,password
user4736,password
user4737,password
user4738,password
user4739,password
user4740,password
user4741,password
user4742,password
user4743,password
user4744,password
user4745,password
user4746,password
user4747,password
user4748,password
user4749,password
user4750,password
user4751,password
user4752,password
user4753,password
user4754,password
user4755,password
user4756,password
user4757,password
user4758,password
user4759,password
user4760,password
user4761,password
user4762,password
user4763,password
user4764,password
user4765,password
user4766,password
user4767,password
user4768,password
user4769,password
user4770,password
user4771,password
user4772,password
user4773,password
user4774,password
user4775,password
user4776,password
user4777,password
user4778,password
user4779,password
user4780,password
user4781,password
user4782,password
user4783,password
user4784,password
user4785,password
user4786,password
user4787,password
user4788,password
user4789,password
user4790,password
user4791,password
user4792,password
user4793,password
user4794,password
user4795,password
user4796,password
user4797,password
user4798,password
user4799,password
user4800,password
user4801,password
user4802,password
user4803,password
user4804,password
user4805,password
user4806,password
user4807,password
user4808,password
user4809,password
user4810,password
user4811,password
user4812,password
user4813,password
user4814,password
user4815,password
user4816,password
user4817,password
user4818,password
user4819,password
user4820,password
user4821,password
user4822,password
user4823,password
user4824,password
user4825,password
user4826,password
user4827,password
user4828,password
user4829,password
user4830,password
user4831,password
user4832,password
user4833,password
user4834,password
user4835,password
user4836,password
user4837,password
user4838,password
user4839,password
user4840,password
user4841,password
user4842,password
user4843,password
user4844,password
user4845,password
user4846,password
user4847,password
user4848,password
user4849,password
user4850,password
user4851,password
user4852,password
user4853,password
user4854,password
user4855,password
user4856,password
user4857,password
user4858,password
user4859,password
user4860,password
user4861,password
user4862,password
user4863,password
user4864,password
user4865,password
user4866,password
user4867,password
user4868,password
user4869,password
user4870,password
user4871,password
user4872,password
user4873,password
user4874,password
user4875,password
user4876,password
user4877,password
user4878,password
user4879,password
user4880,password
user4881,password
user4882,password
user4883,password
user4884,password
user4885,password
user4886,password
user4887,password
user4888,password
user4889,password
user4890,password
user4891,password
user4892,password
user4893,password
user4894,password
user4895,password
user4896,password
user4897,password
user4898,password
user4899,password
user4900,password
user4901,password
user4902,password
user4903,password
user4904,password
user4905,password
user4906,password
user4907,password
user4908,password
user4909,password
user4910,password
user4911,password
user4912,password
user4913,password
user4914,password
user4915,password
user4916,password
user4917,password
user4918,password
user4919,password
user4920,password
user4921,password
user4922,password
user4923,password
user4924,password
user4925,password
user4926,password
user4927,password
user4928,password
user4929,password
user4930,password
user4931,password
user4932,password
user4933,password
user4934,password
user4935,password
user4936,password
user4937,password
user4938,password
user4939,password
user4940,password
user4941,password
user4942,password
user4943,password
user4944,password
user4945,password
user4946,password
user4947,password
user4948,password
user4949,password
user4950,password
user4951,password
user4952,password
user4953,password
user4954,password
user4955,password
user4956,password
user4957,password
user4958,password
user4959,password
user4960,password
user4961,password
user4962,password
user4963,password
user4964,password
user4965,password
user4966,password
user4967,password
user4968,password
user4969,password
user4970,password
user4971,password
user4972,password
user4973,password
user4974,password
user4975,password
user4976,password
user4977,password
user4978,password
user4979,password
user4980,password
user4981,password
user4982,password
user4983,password
user4984,password
user4985,password
user4986,password
user4987,password
user4988,password
user4989,password
user4990,password
user4991,password
user4992,password
user4993,password
user4994,password
user4995,password
user4996,password
user4997,password
user4998,password
user4999,password
user5000,password
user5001,password
user5002,password
user5003,password
user5004,password
user5005,password
user5006,password
user5007,password
user5008,password
user5009,password
user5010,password
user5011,password
user5012,password
user5013,password
user5014,password
user5015,password
user5016,password
user5017,password
user5018,password
user5019,password
user5020,password
user5021,password
user5022,password
user5023,password
user5024,password
user5025,password
user5026,password
user5027,password
user5028,password
user5029,password
user5030,password
user5031,password
user5032,password
user5033,password
user5034,password
user5035,password
user5036,password
user5037,password
user5038,password
user5039,password
user5040,password
user5041,password
user5042,password
user5043,password
user5044,password
user5045,password
user5046,password
user5047,password
user5048,password
user5049,password
user5050,password
user5051,password
user5052,password
user5053,password
user5054,password
user5055,password
user5056,password
user5057,password
user5058,password
user5059,password
user5060,password
user5061,password
user5062,password
user5063,password
user5064,password
user5065,password
user5066,password
user5067,password
user5068,password
user5069,password
user5070,password
user5071,password
user5072,password
user5073,password
user5074,password
user5075,password
user5076,password
user5077,password
user5078,password
user5079,password
user5080,password
user5081,password
user5082,password
user5083,password
user5084,password
user5085,password
user5086,password
user5087,password
user5088,password
user5089,password
user5090,password
user5091,password
user5092,password
user5093,password
user5094,password
user5095,password
user5096,password
user5097,password
user5098,password
user5099,password
user5100,password
user5101,password
user5102,password
user5103,password
user5104,password
user5105,password
user5106,password
user5107,password
user5108,password
user5109,password
user5110,password
user5111,password
user5112,password
user5113,password
user5114,password
user5115,password
user5116,password
user5117,password
user5118,password
user5119,password
user5120,password
user5121,password
user5122,password
user5123,password
user5124,password
user5125,password
user5126,password
user5127,password
user5128,password
user5129,password
user5130,password
user5131,password
user5132,password
user5133,password
user5134,password
user5135,password
user5136,password
user5137,password
user5138,password
user5139,password
user5140,password
user5141,password
user5142,password
user5143,password
user5144,password
user5145,password
user5146,password
user5147,password
user5148,password
user5149,password
user5150,password
user5151,password
user5152,password
user5153,password
user5154,password
user5155,password
user5156,password
user5157,password
user5158,password
user5159,password
user5160,password
user5161,password
user5162,password
user5163,password
user5164,password
user5165,password
user5166,password
user5167,password
user5168,password
user5169,password
user5170,password
user5171,password
user5172,password
user5173,password
user5174,password
user5175,password
user5176,password
user5177,password
user5178,password
user5179,password
user5180,password
user5181,password
user5182,password
user5183,password
user5184,password
user5185,password
user5186,password
user5187,password
user5188,password
user5189,password
user5190,password
user5191,password
user5192,password
user5193,password
user5194,password
user5195,password
user5196,password
user5197,password
user5198,password
user5199,password
user5200,password
user5201,password
user5202,password
user5203,password
user5204,password
user5205,password
user5206,password
user5207,password
user5208,password
user5209,password
user5210,password
user5211,password
user5212,password
user5213,password
user5214,password
user5215,password
user5216,password
user5217,password
user5218,password
user5219,password
user5220,password
user5221,password
user5222,password
user5223,password
user5224,password
user5225,password
user5226,password
user5227,password
user5228,password
user5229,password
user5230,password
user5231,password
user5232,password
user5233,password
user5234,password
user5235,password
user5236,password
user5237,password
user5238,password
user5239,password
user5240,password
user5241,password
user5242,password
user5243,password
user5244,password
user5245,password
user5246,password
user5247,password
user5248,password
user5249,password
user5250,password
user5251,password
user5252,password
user5253,password
user5254,password
user5255,password
user5256,password
user5257,password
user5258,password
user5259,password
user5260,password
user5261,password
user5262,password
user5263,password
user5264,password
user5265,password
user5266,password
user5267,password
user5268,password
user5269,password
user5270,password
user5271,password
user5272,password
user5273,password
user5274,password
user5275,password
user5276,password
user5277,password
user5278,password
user5279,password
user5280,password
user5281,password
user5282,password
user5283,password
user5284,password
user5285,password
user5286,password
user5287,password
user5288,password
user5289,password
user5290,password
user5291,password
user5292,password
user5293,password
user5294,password
user5295,password
user5296,password
user5297,password
user5298,password
user5299,password
user5300,password
user5301,password
user5302,password
user5303,password
user5304,password
user5305,password
user5306,password
user5307,password
user5308,password
user5309,password
user5310,password
user5311,password
user5312,password
user5313,password
user5314,password
user5315,password
user5316,password
user5317,password
user5318,password
user5319,password
user5320,password
user5321,password
user5322,password
user5323,password
user5324,password
user5325,password
user5326,password
user5327,password
user5328,password
user5329,password
user5330,password
user5331,password
user5332,password
user5333,password
user5334,password
user5335,password
user5336,password
user5337,password
user5338,password
user5339,password
user5340,password
user5341,password
user5342,password
user5343,password
user5344,password
user5345,password
user5346,password
user5347,password
user5348,password
user5349,password
user5350,password
user5351,password
user5352,password
user5353,password
user5354,password
user5355,password
user5356,password
user5357,password
user5358,password
user5359,password
user5360,password
user5361,password
user5362,password
user5363,password
user5364,password
user5365,password
user5366,password
user5367,password
user5368,password
user5369,password
user5370,password
user5371,password
user5372,password
user5373,password
user5374,password
user5375,password
user5376,password
user5377,password
user5378,password
user5379,password
user5380,password
user5381,password
user5382,password
user5383,password
user5384,password
user5385,password
user5386,password
user5387,password
user5388,password
user5389,password
user5390,password
user5391,password
user5392,password
user5393,password
user5394,password
user5395,password
user5396,password
user5397,password
user5398,password
user5399,password
user5400,password
user5401,password
user5402,password
user5403,password
user5404,password
user5405,password
user5406,password
user5407,password
user5408,password
user5409,password
user5410,password
user5411,password
user5412,password
user5413,password
user5414,password
user5415,password
user5416,password
user5417,password
user5418,password
user5419,password
user5420,password
user5421,password
user5422,password
user5423,password
user5424,password
user5425,password
user5426,password
user5427,password
user5428,password
user5429,password
user5430,password
user5431,password
user5432,password
user5433,password
user5434,password
user5435,password
user5436,password
user5437,password
user5438,password
user5439,password
user5440,password
user5441,password
user5442,password
user5443,password
user5444,password
user5445,password
user5446,password
user5447,password
user5448,password
user5449,password
user5450,password
user5451,password
user5452,password
user5453,password
user5454,password
user5455,password
user5456,password
user5457,password
user5458,password
user5459,password
user5460,password
user5461,password
user5462,password
user5463,password
user5464,password
user5465,password
user5466,password
user5467,password
user5468,password
user5469,password
user5470,password
user5471,password
user5472,password
user5473,password
user5474,password
user5475,password
user5476,password
user5477,password
user5478,password
user5479,password
user5480,password
user5481,password
user5482,password
user5483,password
user5484,password
user5485,password
user5486,password
user5487,password
user5488,password
user5489,password
user5490,password
user5491,password
user5492,password
user5493,password
user5494,password
user5495,password
user5496,password
user5497,password
user5498,password
user5499,password
user5500,password
user5501,password
user5502,password
user5503,password
user5504,password
user5505,password
user5506,password
user5507,password
user5508,password
user5509,password
user5510,password
user5511,password
user5512,password
user5513,password
user5514,password
user5515,password
user5516,password
user5517,password
user5518,password
user5519,password
user5520,password
user5521,password
user5522,password
user5523,password
user5524,password
user5525,password
user5526,password
user5527,password
user5528,password
user5529,password
user5530,password
user5531,password
user5532,password
user5533,password
user5534,password
user5535,password
user5536,password
user5537,password
user5538,password
user5539,password
user5540,password
user5541,password
user5542,password
user5543,password
user5544,password
user5545,password
user5546,password
user5547,password
user5548,password
user5549,password
user5550,password
user5551,password
user5552,password
user5553,password
user5554,password
user5555,password
user5556,password
user5557,password
user5558,password
user5559,password
user5560,password
user5561,password
user5562,password
user5563,password
user5564,password
user5565,password
user5566,password
user5567,password
user5568,password
user5569,password
user5570,password
user5571,password
user5572,password
user5573,password
user5574,password
user5575,password
user5576,password
user5577,password
user5578,password
user5579,password
user5580,password
user5581,password
user5582,password
user5583,password
user5584,password
user5585,password
user5586,password
user5587,password
user5588,password
user5589,password
user5590,password
user5591,password
user5592,password
user5593,password
user5594,password
user5595,password
user5596,password
user5597,password
user5598,password
user5599,password
user5600,password
user5601,password
user5602,password
user5603,password
user5604,password
user5605,password
user5606,password
user5607,password
user5608,password
user5609,password
user5610,password
user5611,password
user5612,password
user5613,password
user5614,password
user5615,password
user5616,password
user5617,password
user5618,password
user5619,password
user5620,password
user5621,password
user5622,password
user5623,password
user5624,password
user5625,password
user5626,password
user5627,password
user5628,password
user5629,password
user5630,password
user5631,password
user5632,password
user5633,password
user5634,password
user5635,password
user5636,password
user5637,password
user5638,password
user5639,password
user5640,password
user5641,password
user5642,password
user5643,password
user5644,password
user5645,password
user5646,password
user5647,password
user5648,password
user5649,password
user5650,password
user5651,password
user5652,password
user5653,password
user5654,password
user5655,password
user5656,password
user5657,password
user5658,password
user5659,password
user5660,password
user5661,password
user5662,password
user5663,password
user5664,password
user5665,password
user5666,password
user5667,password
user5668,password
user5669,password
user5670,password
user5671,password
user5672,password
user5673,password
user5674,password
user5675,password
user5676,password
user5677,password
user5678,password
user5679,password
user5680,password
user5681,password
user5682,password
user5683,password
user5684,password
user5685,password
user5686,password
user5687,password
user5688,password
user5689,password
user5690,password
user5691,password
user5692,password
user5693,password
user5694,password
user5695,password
user5696,password
user5697,password
user5698,password
user5699,password
user5700,password
user5701,password
user5702,password
user5703,password
user5704,password
user5705,password
user5706,password
user5707,password
user5708,password
user5709,password
user5710,password
user5711,password
user5712,password
user5713,password
user5714,password
user5715,password
user5716,password
user5717,password
user5718,password
user5719,password
user5720,password
user5721,password
user5722,password
user5723,password
user5724,password
user5725,password
user5726,password
user5727,password
user5728,password
user5729,password
user5730,password
user5731,password
user5732,password
user5733,password
user5734,password
user5735,password
user5736,password
user5737,password
user5738,password
user5739,password
user5740,password
user5741,password
user5742,password
user5743,password
user5744,password
user5745,password
user5746,password
user5747,password
user5748,password
user5749,password
user5750,password
user5751,password
user5752,password
user5753,password
user5754,password
user5755,password
user5756,password
user5757,password
user5758,password
user5759,password
user5760,password
user5761,password
user5762,password
user5763,password
user5764,password
user5765,password
user5766,password
user5767,password
user5768,password
user5769,password
user5770,password
user5771,password
user5772,password
user5773,password
user5774,password
user5775,password
user5776,password
user5777,password
user5778,password
user5779,password
user5780,password
user5781,password
user5782,password
user5783,password
user5784,password
user5785,password
user5786,password
user5787,password
user5788,password
user5789,password
user5790,password
user5791,password
user5792,password
user5793,password
user5794,password
user5795,password
user5796,password
user5797,password
user5798,password
user5799,password
user5800,password
user5801,password
user5802,password
user5803,password
user5804,password
user5805,password
user5806,password
user5807,password
user5808,password
user5809,password
user5810,password
user5811,password
user5812,password
user5813,password
user5814,password
user5815,password
user5816,password
user5817,password
user5818,password
user5819,password
user5820,password
user5821,password
user5822,password
user5823,password
user5824,password
user5825,password
user5826,password
user5827,password
user5828,password
user5829,password
user5830,password
user5831,password
user5832,password
user5833,password
user5834,password
user5835,password
user5836,password
user5837,password
user5838,password
user5839,password
user5840,password
user5841,password
user5842,password
user5843,password
user5844,password
user5845,password
user5846,password
user5847,password
user5848,password
user5849,password
user5850,password
user5851,password
user5852,password
user5853,password
user5854,password
user5855,password
user5856,password
user5857,password
user5858,password
user5859,password
user5860,password
user5861,password
user5862,password
user5863,password
user5864,password
user5865,password
user5866,password
user5867,password
user5868,password
user5869,password
user5870,password
user5871,password
user5872,password
user5873,password
user5874,password
user5875,password
user5876,password
user5877,password
user5878,password
user5879,password
user5880,password
user5881,password
user5882,password
user5883,password
user5884,password
user5885,password
user5886,password
user5887,password
user5888,password
user5889,password
user5890,password
user5891,password
user5892,password
user5893,password
user5894,password
user5895,password
user5896,password
user5897,password
user5898,password
user5899,password
user5900,password
user5901,password
user5902,password
user5903,password
user5904,password
user5905,password
user5906,password
user5907,password
user5908,password
user5909,password
user5910,password
user5911,password
user5912,password
user5913,password
user5914,password
user5915,password
user5916,password
user5917,password
user5918,password
user5919,password
user5920,password
user5921,password
user5922,password
user5923,password
user5924,password
user5925,password
user5926,password
user5927,password
user5928,password
user5929,password
user5930,password
user5931,password
user5932,password
user5933,password
user5934,password
user5935,password
user5936,password
user5937,password
user5938,password
user5939,password
user5940,password
user5941,password
user5942,password
user5943,password
user5944,password
user5945,password
user5946,password
user5947,password
user5948,password
user5949,password
user5950,password
user5951,password
user5952,password
user5953,password
user5954,password
user5955,password
user5956,password
user5957,password
user5958,password
user5959,password
user5960,password
user5961,password
user5962,password
user5963,password
user5964,password
user5965,password
user5966,password
user5967,password
user5968,password
user5969,password
user5970,password
user5971,password
user5972,password
user5973,password
user5974,password
user5975,password
user5976,password
user5977,password
user5978,password
user5979,password
user5980,password
user5981,password
user5982,password
user5983,password
user5984,password
user5985,password
user5986,password
user5987,password
user5988,password
user5989,password
user5990,password
user5991,password
user5992,password
user5993,password
user5994,password
user5995,password
user5996,password
user5997,password
user5998,password
user5999,password
user6000,password
